gvkey,gvkeyx,from,thru,conm,tic,co_conm,co_tic
001078,000003,1964/03/31,,S&P 500 Comp-Ltd,I0003,ABBOTT LABORATORIES,ABT
001300,000003,1964/03/31,,S&P 500 Comp-Ltd,I0003,HONEYWELL INTERNATIONAL INC,HON
001440,000003,1964/03/31,,S&P 500 Comp-Ltd,I0003,AMERICAN ELECTRIC POWER CO,AEP
002285,000003,1964/03/31,,S&P 500 Comp-Ltd,I0003,BOEING CO,BA
002403,000003,1964/03/31,,S&P 500 Comp-Ltd,I0003,BRISTOL-MYERS SQUIBB CO,BMY
002663,000003,1964/03/31,,S&P 500 Comp-Ltd,I0003,CAMPBELL SOUP CO,CPB
002817,000003,1964/03/31,,S&P 500 Comp-Ltd,I0003,CATERPILLAR INC,CAT
002991,000003,1964/03/31,,S&P 500 Comp-Ltd,I0003,CHEVRON CORP,CVX
003144,000003,1964/03/31,,S&P 500 Comp-Ltd,I0003,COCA-COLA CO,KO
003170,000003,1964/03/31,,S&P 500 Comp-Ltd,I0003,COLGATE-PALMOLIVE CO,CL
003413,000003,1964/03/31,,S&P 500 Comp-Ltd,I0003,CONSOLIDATED EDISON INC,ED
003532,000003,1964/03/31,,S&P 500 Comp-Ltd,I0003,CORNING INC,GLW
003835,000003,1964/03/31,,S&P 500 Comp-Ltd,I0003,DEERE & CO,DE
003897,000003,1964/03/31,,S&P 500 Comp-Ltd,I0003,DTE ENERGY CO,DTE
004029,000003,1964/03/31,,S&P 500 Comp-Ltd,I0003,DOMINION ENERGY INC,D
004199,000003,1964/03/31,,S&P 500 Comp-Ltd,I0003,EATON CORP PLC,ETN
004503,000003,1964/03/31,,S&P 500 Comp-Ltd,I0003,EXXON MOBIL CORP,XOM
004839,000003,1964/03/31,,S&P 500 Comp-Ltd,I0003,FORD MOTOR CO,F
005046,000003,1964/03/31,,S&P 500 Comp-Ltd,I0003,GENERAL DYNAMICS CORP,GD
005047,000003,1964/03/31,,S&P 500 Comp-Ltd,I0003,GENERAL ELECTRIC CO,GE
005439,000003,1964/03/31,,S&P 500 Comp-Ltd,I0003,HALLIBURTON CO,HAL
005597,000003,1964/03/31,,S&P 500 Comp-Ltd,I0003,HERSHEY CO,HSY
006066,000003,1964/03/31,,S&P 500 Comp-Ltd,I0003,INTL BUSINESS MACHINES CORP,IBM
006104,000003,1964/03/31,,S&P 500 Comp-Ltd,I0003,INTL PAPER CO,IP
006375,000003,1964/03/31,,S&P 500 Comp-Ltd,I0003,KELLOGG CO,K
006435,000003,1964/03/31,,S&P 500 Comp-Ltd,I0003,KIMBERLY-CLARK CORP,KMB
006502,000003,1964/03/31,,S&P 500 Comp-Ltd,I0003,KROGER CO,KR
007163,000003,1964/03/31,,S&P 500 Comp-Ltd,I0003,S&P GLOBAL INC,SPGI
007241,000003,1964/03/31,,S&P 500 Comp-Ltd,I0003,CVS HEALTH CORP,CVS
007257,000003,1964/03/31,,S&P 500 Comp-Ltd,I0003,MERCK & CO,MRK
007366,000003,1964/03/31,,S&P 500 Comp-Ltd,I0003,ENTERGY CORP,ETR
007435,000003,1964/03/31,,S&P 500 Comp-Ltd,I0003,3M CO,MMM
007585,000003,1964/03/31,,S&P 500 Comp-Ltd,I0003,MOTOROLA SOLUTIONS INC,MSI
007923,000003,1964/03/31,,S&P 500 Comp-Ltd,I0003,NORFOLK SOUTHERN CORP,NSC
007977,000003,1964/03/31,,S&P 500 Comp-Ltd,I0003,XCEL ENERGY INC,XEL
008099,000003,1964/03/31,,S&P 500 Comp-Ltd,I0003,FIRSTENERGY CORP,FE
008247,000003,1964/03/31,,S&P 500 Comp-Ltd,I0003,PPG INDUSTRIES INC,PPG
008272,000003,1964/03/31,,S&P 500 Comp-Ltd,I0003,SEMPRA ENERGY,SRE
008479,000003,1964/03/31,,S&P 500 Comp-Ltd,I0003,PEPSICO INC,PEP
008530,000003,1964/03/31,,S&P 500 Comp-Ltd,I0003,PFIZER INC,PFE
008539,000003,1964/03/31,,S&P 500 Comp-Ltd,I0003,EXELON CORP,EXC
008543,000003,1964/03/31,,S&P 500 Comp-Ltd,I0003,ALTRIA GROUP INC,MO
008549,000003,1964/03/31,,S&P 500 Comp-Ltd,I0003,CONOCOPHILLIPS,COP
008762,000003,1964/03/31,,S&P 500 Comp-Ltd,I0003,PROCTER & GAMBLE CO,PG
008810,000003,1964/03/31,,S&P 500 Comp-Ltd,I0003,PUBLIC SERVICE ENTRP GRP INC,PEG
008972,000003,1964/03/31,,S&P 500 Comp-Ltd,I0003,RAYTHEON CO,RTN
009203,000003,1964/03/31,,S&P 500 Comp-Ltd,I0003,ROCKWELL AUTOMATION,ROK
009846,000003,1964/03/31,,S&P 500 Comp-Ltd,I0003,EDISON INTERNATIONAL,EIX
009850,000003,1964/03/31,,S&P 500 Comp-Ltd,I0003,SOUTHERN CO,SO
010499,000003,1964/03/31,,S&P 500 Comp-Ltd,I0003,TEXAS INSTRUMENTS INC,TXN
010867,000003,1964/03/31,,S&P 500 Comp-Ltd,I0003,UNION PACIFIC CORP,UNP
010983,000003,1964/03/31,,S&P 500 Comp-Ltd,I0003,UNITED TECHNOLOGIES CORP,UTX
011456,000003,1964/03/31,,S&P 500 Comp-Ltd,I0003,WEYERHAEUSER CO,WY
011465,000003,1964/03/31,,S&P 500 Comp-Ltd,I0003,WHIRLPOOL CORP,WHR
011636,000003,1964/03/31,,S&P 500 Comp-Ltd,I0003,XEROX HOLDINGS CORP,XRX
009667,000003,1964/06/30,,S&P 500 Comp-Ltd,I0003,SHERWIN-WILLIAMS CO,SHW
003650,000003,1965/03/31,,S&P 500 Comp-Ltd,I0003,CUMMINS INC,CMI
004321,000003,1965/03/31,,S&P 500 Comp-Ltd,I0003,EMERSON ELECTRIC CO,EMR
009465,000003,1965/03/31,,S&P 500 Comp-Ltd,I0003,SCHLUMBERGER LTD,SLB
002574,000003,1967/09/30,,S&P 500 Comp-Ltd,I0003,CSX CORP,CSX
003121,000003,1969/03/31,,S&P 500 Comp-Ltd,I0003,CLOROX CO/DE,CLX
005071,000003,1969/03/31,,S&P 500 Comp-Ltd,I0003,GENERAL MILLS INC,GIS
007881,000003,1969/06/30,,S&P 500 Comp-Ltd,I0003,NEWMONT GOLDCORP CORP,NEM
007154,000003,1970/06/30,,S&P 500 Comp-Ltd,I0003,MCDONALD'S CORP,MCD
006730,000003,1970/12/31,,S&P 500 Comp-Ltd,I0003,LILLY (ELI) & CO,LLY
002086,000003,1972/09/30,,S&P 500 Comp-Ltd,I0003,BAXTER INTERNATIONAL INC,BAX
002111,000003,1972/09/30,,S&P 500 Comp-Ltd,I0003,BECTON DICKINSON & CO,BDX
006266,000003,1973/06/30,,S&P 500 Comp-Ltd,I0003,JOHNSON & JOHNSON,JNJ
005125,000003,1973/12/31,,S&P 500 Comp-Ltd,I0003,GENUINE PARTS CO,GPC
005606,000003,1974/12/31,,S&P 500 Comp-Ltd,I0003,HP INC,HPQ
011506,000003,1975/03/31,,S&P 500 Comp-Ltd,I0003,WILLIAMS COS INC,WMB
006078,000003,1976/03/31,,S&P 500 Comp-Ltd,I0003,INTL FLAVORS & FRAGRANCES,IFF
001447,000003,1976/06/30,,S&P 500 Comp-Ltd,I0003,AMERICAN EXPRESS CO,AXP
002547,000003,1976/06/30,,S&P 500 Comp-Ltd,I0003,CIGNA CORP,CI
002968,000003,1976/06/30,,S&P 500 Comp-Ltd,I0003,JPMORGAN CHASE & CO,JPM
003505,000003,1976/06/30,,S&P 500 Comp-Ltd,I0003,MOLSON COORS BREWING CO,TAP
003980,000003,1976/06/30,,S&P 500 Comp-Ltd,I0003,DISNEY (WALT) CO,DIS
004093,000003,1976/06/30,,S&P 500 Comp-Ltd,I0003,DUKE ENERGY CORP,DUK
004517,000003,1976/06/30,,S&P 500 Comp-Ltd,I0003,NEXTERA ENERGY INC,NEE
006742,000003,1976/06/30,,S&P 500 Comp-Ltd,I0003,LINCOLN NATIONAL CORP,LNC
007647,000003,1976/06/30,,S&P 500 Comp-Ltd,I0003,BANK OF AMERICA CORP,BAC
008007,000003,1976/06/30,,S&P 500 Comp-Ltd,I0003,WELLS FARGO & CO,WFC
003813,000003,1976/12/31,,S&P 500 Comp-Ltd,I0003,TARGET CORP,TGT
006008,000003,1976/12/31,,S&P 500 Comp-Ltd,I0003,INTEL CORP,INTC
010519,000003,1978/12/31,,S&P 500 Comp-Ltd,I0003,TEXTRON INC,TXT
011060,000003,1979/06/30,,S&P 500 Comp-Ltd,I0003,VF CORP,VFC
011264,000003,1979/12/31,,S&P 500 Comp-Ltd,I0003,WALGREENS BOOTS ALLIANCE INC,WBA
001487,000003,1980/03/31,,S&P 500 Comp-Ltd,I0003,AMERICAN INTERNATIONAL GROUP,AIG
004598,000003,1980/12/31,,S&P 500 Comp-Ltd,I0003,FEDEX CORP,FDX
008253,000003,1980/12/31,,S&P 500 Comp-Ltd,I0003,PACCAR INC,PCAR
001891,000003,1981/03/31,,S&P 500 Comp-Ltd,I0003,AUTOMATIC DATA PROCESSING,ADP
005256,000003,1981/06/30,,S&P 500 Comp-Ltd,I0003,GRAINGER (W W) INC,GWW
007085,000003,1981/06/30,,S&P 500 Comp-Ltd,I0003,MASCO CORP,MAS
001722,000003,1981/07/29,,S&P 500 Comp-Ltd,I0003,ARCHER-DANIELS-MIDLAND CO,ADM
011259,000003,1982/08/31,,S&P 500 Comp-Ltd,I0003,WALMART INC,WMT
009778,000003,1982/09/30,,S&P 500 Comp-Ltd,I0003,SNAP-ON INC,SNA
010016,000003,1982/09/30,,S&P 500 Comp-Ltd,I0003,STANLEY BLACK & DECKER INC,SWK
002435,000003,1982/10/31,,S&P 500 Comp-Ltd,I0003,BROWN FORMAN CORP,BF.B
001690,000003,1982/11/30,,S&P 500 Comp-Ltd,I0003,APPLE INC,AAPL
008068,000003,1982/12/31,,S&P 500 Comp-Ltd,I0003,OCCIDENTAL PETROLEUM CORP,OXY
003362,000003,1983/08/31,,S&P 500 Comp-Ltd,I0003,CONAGRA BRANDS INC,CAG
006733,000003,1983/09/30,,S&P 500 Comp-Ltd,I0003,L BRANDS INC,LB
002136,000003,1983/11/30,,S&P 500 Comp-Ltd,I0003,VERIZON COMMUNICATIONS INC,VZ
009899,000003,1983/11/30,,S&P 500 Comp-Ltd,I0003,AT&T INC,T
006829,000003,1984/02/29,,S&P 500 Comp-Ltd,I0003,LOWE'S COS INC,LOW
008823,000003,1984/04/30,,S&P 500 Comp-Ltd,I0003,PULTEGROUP INC,PHM
001380,000003,1984/05/31,,S&P 500 Comp-Ltd,I0003,HESS CORP,HES
006774,000003,1984/07/31,,S&P 500 Comp-Ltd,I0003,LOCKHEED MARTIN CORP,LMT
005518,000003,1984/09/30,,S&P 500 Comp-Ltd,I0003,HASBRO INC,HAS
001988,000003,1984/10/31,,S&P 500 Comp-Ltd,I0003,BALL CORP,BLL
001209,000003,1985/04/30,,S&P 500 Comp-Ltd,I0003,AIR PRODUCTS & CHEMICALS INC,APD
008030,000003,1985/04/30,,S&P 500 Comp-Ltd,I0003,NUCOR CORP,NUE
004145,000003,1985/05/31,,S&P 500 Comp-Ltd,I0003,PERKINELMER INC,PKI
007985,000003,1985/06/30,,S&P 500 Comp-Ltd,I0003,NORTHROP GRUMMAN CORP,NOC
005742,000003,1985/07/31,,S&P 500 Comp-Ltd,I0003,CENTERPOINT ENERGY INC,CNP
011672,000003,1985/09/30,,S&P 500 Comp-Ltd,I0003,TJX COS INC (THE),TJX
004058,000003,1985/10/31,,S&P 500 Comp-Ltd,I0003,DOVER CORP,DOV
008358,000003,1985/11/30,,S&P 500 Comp-Ltd,I0003,PARKER-HANNIFIN CORP,PH
005878,000003,1986/02/28,,S&P 500 Comp-Ltd,I0003,ILLINOIS TOOL WORKS,ITW
006268,000003,1986/05/31,,S&P 500 Comp-Ltd,I0003,JOHNSON CONTROLS INTL PLC,JCI
004990,000003,1986/08/31,,S&P 500 Comp-Ltd,I0003,GAP INC,GPS
007922,000003,1986/08/31,,S&P 500 Comp-Ltd,I0003,NORDSTROM INC,JWN
007228,000003,1986/10/31,,S&P 500 Comp-Ltd,I0003,MEDTRONIC PLC,MDT
002269,000003,1986/11/30,,S&P 500 Comp-Ltd,I0003,BLOCK H & R INC,HRB
010247,000003,1986/12/31,,S&P 500 Comp-Ltd,I0003,SYSCO CORP,SYY
007065,000003,1987/08/31,,S&P 500 Comp-Ltd,I0003,MARSH & MCLENNAN COS,MMC
001913,000003,1987/12/31,,S&P 500 Comp-Ltd,I0003,AVERY DENNISON CORP,AVY
005680,000003,1988/03/31,,S&P 500 Comp-Ltd,I0003,HOME DEPOT INC,HD
008245,000003,1988/04/30,,S&P 500 Comp-Ltd,I0003,PNC FINANCIAL SVCS GROUP INC,PNC
003243,000003,1988/05/31,,S&P 500 Comp-Ltd,I0003,CITIGROUP INC,C
010187,000003,1988/05/31,,S&P 500 Comp-Ltd,I0003,SUNTRUST BANKS INC,STI
007906,000003,1988/11/30,,S&P 500 Comp-Ltd,I0003,NIKE INC  -CL B,NKE
004213,000003,1989/01/31,,S&P 500 Comp-Ltd,I0003,ECOLAB INC,ECL
007875,000003,1989/04/30,,S&P 500 Comp-Ltd,I0003,NEWELL BRANDS INC,NWL
012142,000003,1989/08/31,,S&P 500 Comp-Ltd,I0003,ORACLE CORP,ORCL
001878,000003,1989/12/01,,S&P 500 Comp-Ltd,I0003,AUTODESK INC,ADSK
007017,000003,1991/05/01,,S&P 500 Comp-Ltd,I0003,MARATHON OIL CORP,MRO
010860,000003,1991/09/19,,S&P 500 Comp-Ltd,I0003,AMEREN CORP,AEE
001602,000003,1992/01/02,,S&P 500 Comp-Ltd,I0003,AMGEN INC,AMGN
025124,000003,1992/07/01,,S&P 500 Comp-Ltd,I0003,LINDE PLC,LIN
006136,000003,1992/10/01,,S&P 500 Comp-Ltd,I0003,INTERPUBLIC GROUP OF COS,IPG
029028,000003,1993/10/01,,S&P 500 Comp-Ltd,I0003,COSTCO WHOLESALE CORP,COST
020779,000003,1993/12/01,,S&P 500 Comp-Ltd,I0003,CISCO SYSTEMS INC,CSCO
029392,000003,1994/01/01,,S&P 500 Comp-Ltd,I0003,EASTMAN CHEMICAL CO,EMN
009783,000003,1994/03/01,,S&P 500 Comp-Ltd,I0003,KEYCORP,KEY
012726,000003,1994/03/01,,S&P 500 Comp-Ltd,I0003,UNUM GROUP,UNM
012141,000003,1994/06/01,,S&P 500 Comp-Ltd,I0003,MICROSOFT CORP,MSFT
009882,000003,1994/07/01,,S&P 500 Comp-Ltd,I0003,SOUTHWEST AIRLINES,LUV
010903,000003,1994/07/01,,S&P 500 Comp-Ltd,I0003,UNITEDHEALTH GROUP INC,UNH
013714,000003,1994/09/01,,S&P 500 Comp-Ltd,I0003,CBS CORP,CBS
007343,000003,1994/09/27,,S&P 500 Comp-Ltd,I0003,MICRON TECHNOLOGY INC,MU
025279,000003,1995/02/24,,S&P 500 Comp-Ltd,I0003,BOSTON SCIENTIFIC CORP,BSX
001704,000003,1995/03/16,,S&P 500 Comp-Ltd,I0003,APPLIED MATERIALS INC,AMAT
002019,000003,1995/03/31,,S&P 500 Comp-Ltd,I0003,BANK OF NEW YORK MELLON CORP,BK
006781,000003,1995/05/10,,S&P 500 Comp-Ltd,I0003,LOEWS CORP,L
031846,000003,1995/05/30,,S&P 500 Comp-Ltd,I0003,DARDEN RESTAURANTS INC,DRI
028349,000003,1995/07/13,,S&P 500 Comp-Ltd,I0003,ALLSTATE CORP,ALL
014590,000003,1995/07/31,,S&P 500 Comp-Ltd,I0003,FREEPORT-MCMORAN INC,FCX
012124,000003,1995/09/22,,S&P 500 Comp-Ltd,I0003,MORGAN STANLEY,MS
004611,000003,1995/11/08,,S&P 500 Comp-Ltd,I0003,MACY'S INC,M
008455,000003,1995/11/27,,S&P 500 Comp-Ltd,I0003,PPL CORP,PPL
003231,000003,1995/12/01,,S&P 500 Comp-Ltd,I0003,COMERICA INC,CMA
027914,000003,1995/12/01,,S&P 500 Comp-Ltd,I0003,HUMANA INC,HUM
061739,000003,1995/12/20,,S&P 500 Comp-Ltd,I0003,HARTFORD FINANCIAL SERVICES,HIG
004640,000003,1996/03/08,,S&P 500 Comp-Ltd,I0003,FIFTH THIRD BANCORP,FITB
003221,000003,1996/04/23,,S&P 500 Comp-Ltd,I0003,AON PLC,AON
010530,000003,1997/01/02,,S&P 500 Comp-Ltd,I0003,THERMO FISHER SCIENTIFIC INC,TMO
023809,000003,1997/01/02,,S&P 500 Comp-Ltd,I0003,AUTOZONE INC,AZO
012540,000003,1997/05/06,,S&P 500 Comp-Ltd,I0003,ADOBE INC,ADBE
002751,000003,1997/05/27,,S&P 500 Comp-Ltd,I0003,CARDINAL HEALTH INC,CAH
013988,000003,1997/06/02,,S&P 500 Comp-Ltd,I0003,SCHWAB (CHARLES) CORP,SCHW
004423,000003,1997/06/19,,S&P 500 Comp-Ltd,I0003,EQUIFAX INC,EFX
001678,000003,1997/07/28,,S&P 500 Comp-Ltd,I0003,APACHE CORP,APA
013341,000003,1997/08/04,,S&P 500 Comp-Ltd,I0003,PROGRESSIVE CORP-OHIO,PGR
005786,000003,1997/08/06,,S&P 500 Comp-Ltd,I0003,HUNTINGTON BANCSHARES,HBAN
010035,000003,1997/08/18,,S&P 500 Comp-Ltd,I0003,STATE STREET CORP,STT
006304,000003,1997/09/15,,S&P 500 Comp-Ltd,I0003,KLA CORP,KLAC
065417,000003,1997/10/07,,S&P 500 Comp-Ltd,I0003,YUM BRANDS INC,YUM
011856,000003,1997/12/04,,S&P 500 Comp-Ltd,I0003,BB&T CORP,BBT
014824,000003,1997/12/18,,S&P 500 Comp-Ltd,I0003,CINCINNATI FINANCIAL CORP,CINF
004066,000003,1997/12/24,,S&P 500 Comp-Ltd,I0003,OMNICOM GROUP,OMC
007982,000003,1998/01/30,,S&P 500 Comp-Ltd,I0003,NORTHERN TRUST CORP,NTRS
009555,000003,1998/04/01,,S&P 500 Comp-Ltd,I0003,SEALED AIR CORP,SEE
004885,000003,1998/04/29,,S&P 500 Comp-Ltd,I0003,FRANKLIN RESOURCES INC,BEN
028930,000003,1998/05/21,,S&P 500 Comp-Ltd,I0003,MARRIOTT INTL INC,MAR
030990,000003,1998/07/01,,S&P 500 Comp-Ltd,I0003,CAPITAL ONE FINANCIAL CORP,COF
014477,000003,1998/07/17,,S&P 500 Comp-Ltd,I0003,WASTE MANAGEMENT INC,WM
025283,000003,1998/08/14,,S&P 500 Comp-Ltd,I0003,KOHL'S CORP,KSS
004674,000003,1998/08/28,,S&P 500 Comp-Ltd,I0003,REGIONS FINANCIAL CORP,RF
008402,000003,1998/10/01,,S&P 500 Comp-Ltd,I0003,PAYCHEX INC,PAYX
024216,000003,1998/10/02,,S&P 500 Comp-Ltd,I0003,AES CORP (THE),AES
003735,000003,1998/11/18,,S&P 500 Comp-Ltd,I0003,DANAHER CORP,DHR
013498,000003,1998/12/22,,S&P 500 Comp-Ltd,I0003,CARNIVAL CORPORATION & PLC,CCL
004723,000003,1999/01/04,,S&P 500 Comp-Ltd,I0003,U S BANCORP,USB
007171,000003,1999/01/13,,S&P 500 Comp-Ltd,I0003,MCKESSON CORP,MCK
002884,000003,1999/03/25,,S&P 500 Comp-Ltd,I0003,CENTURYLINK INC,CTL
027845,000003,1999/04/12,,S&P 500 Comp-Ltd,I0003,ALLERGAN PLC,AGN
003439,000003,1999/05/03,,S&P 500 Comp-Ltd,I0003,CMS ENERGY CORP,CMS
001449,000003,1999/05/28,,S&P 500 Comp-Ltd,I0003,AFLAC INC,AFL
061591,000003,1999/06/25,,S&P 500 Comp-Ltd,I0003,NETAPP INC,NTAP
002184,000003,1999/06/30,,S&P 500 Comp-Ltd,I0003,BEST BUY CO INC,BBY
011228,000003,1999/07/01,,S&P 500 Comp-Ltd,I0003,VULCAN MATERIALS CO,VMC
024800,000003,1999/07/22,,S&P 500 Comp-Ltd,I0003,QUALCOMM INC,QCOM
001075,000003,1999/10/04,,S&P 500 Comp-Ltd,I0003,PINNACLE WEST CAPITAL CORP,PNW
001632,000003,1999/10/12,,S&P 500 Comp-Ltd,I0003,ANALOG DEVICES,ADI
012138,000003,1999/10/13,,S&P 500 Comp-Ltd,I0003,PRICE (T. ROWE) GROUP,TROW
006649,000003,1999/10/18,,S&P 500 Comp-Ltd,I0003,LEGGETT & PLATT INC,LEG
022325,000003,1999/11/08,,S&P 500 Comp-Ltd,I0003,XILINX INC,XLNX
061676,000003,1999/12/01,,S&P 500 Comp-Ltd,I0003,CITRIX SYSTEMS INC,CTXS
012389,000003,2000/01/31,,S&P 500 Comp-Ltd,I0003,HARLEY-DAVIDSON INC,HOG
126554,000003,2000/06/05,,S&P 500 Comp-Ltd,I0003,AGILENT TECHNOLOGIES INC,A
025434,000003,2000/06/08,,S&P 500 Comp-Ltd,I0003,STARBUCKS CORP,SBUX
013646,000003,2000/06/21,,S&P 500 Comp-Ltd,I0003,TIFFANY & CO,TIF
014934,000003,2000/08/30,,S&P 500 Comp-Ltd,I0003,DEVON ENERGY CORP,DVN
139665,000003,2000/10/03,,S&P 500 Comp-Ltd,I0003,MOODY'S CORP,MCO
007974,000003,2000/11/02,,S&P 500 Comp-Ltd,I0003,NISOURCE INC,NI
016478,000003,2000/11/02,,S&P 500 Comp-Ltd,I0003,EOG RESOURCES INC,EOG
002312,000003,2000/12/05,,S&P 500 Comp-Ltd,I0003,ROBERT HALF INTL INC,RHI
027928,000003,2000/12/11,,S&P 500 Comp-Ltd,I0003,INTUIT INC,INTU
133768,000003,2000/12/11,,S&P 500 Comp-Ltd,I0003,METLIFE INC,MET
010115,000003,2000/12/12,,S&P 500 Comp-Ltd,I0003,STRYKER CORP,SYK
003062,000003,2001/03/01,,S&P 500 Comp-Ltd,I0003,CINTAS CORP,CTAS
012635,000003,2001/04/02,,S&P 500 Comp-Ltd,I0003,FISERV INC,FISV
011687,000003,2001/06/25,,S&P 500 Comp-Ltd,I0003,ZIONS BANCORPORATION NA,ZION
144559,000003,2001/08/07,,S&P 500 Comp-Ltd,I0003,ZIMMER BIOMET HOLDINGS INC,ZBH
031673,000003,2001/08/30,,S&P 500 Comp-Ltd,I0003,AMERISOURCEBERGEN CORP,ABC
117768,000003,2001/11/30,,S&P 500 Comp-Ltd,I0003,NVIDIA CORP,NVDA
028733,000003,2001/12/03,,S&P 500 Comp-Ltd,I0003,EQUITY RESIDENTIAL,EQR
061574,000003,2002/01/02,,S&P 500 Comp-Ltd,I0003,WATERS CORP,WAT
029389,000003,2002/06/26,,S&P 500 Comp-Ltd,I0003,SIMON PROPERTY GROUP INC,SPG
010920,000003,2002/07/22,,S&P 500 Comp-Ltd,I0003,UNITED PARCEL SERVICE INC,UPS
016721,000003,2002/07/22,,S&P 500 Comp-Ltd,I0003,ELECTRONIC ARTS INC,EA
114524,000003,2002/07/22,,S&P 500 Comp-Ltd,I0003,EBAY INC,EBAY
114628,000003,2002/07/22,,S&P 500 Comp-Ltd,I0003,GOLDMAN SACHS GROUP INC,GS
143356,000003,2002/07/22,,S&P 500 Comp-Ltd,I0003,PRUDENTIAL FINANCIAL INC,PRU
145701,000003,2002/07/22,,S&P 500 Comp-Ltd,I0003,PRINCIPAL FINANCIAL GRP INC,PFG
145046,000003,2002/07/25,,S&P 500 Comp-Ltd,I0003,ANTHEM INC,ANTM
062689,000003,2002/08/21,,S&P 500 Comp-Ltd,I0003,TRAVELERS COS INC,TRV
003226,000003,2002/11/19,,S&P 500 Comp-Ltd,I0003,COMCAST CORP,CMCSA
064166,000003,2002/12/12,,S&P 500 Comp-Ltd,I0003,QUEST DIAGNOSTICS INC,DGX
030490,000003,2003/03/14,,S&P 500 Comp-Ltd,I0003,APARTMENT INVST & MGMT CO,AIV
007146,000003,2003/03/21,,S&P 500 Comp-Ltd,I0003,MCCORMICK & CO INC,MKC
015855,000003,2003/03/31,,S&P 500 Comp-Ltd,I0003,SYMANTEC CORP,SYMC
029984,000003,2003/07/17,,S&P 500 Comp-Ltd,I0003,PROLOGIS INC,PLD
024468,000003,2003/11/13,,S&P 500 Comp-Ltd,I0003,BIOGEN INC,BIIB
004699,000003,2004/02/27,,S&P 500 Comp-Ltd,I0003,M & T BANK CORP,MTB
063501,000003,2004/04/01,,S&P 500 Comp-Ltd,I0003,E TRADE FINANCIAL CORP,ETFC
007637,000003,2004/04/23,,S&P 500 Comp-Ltd,I0003,MYLAN NV,MYL
015247,000003,2004/04/29,,S&P 500 Comp-Ltd,I0003,VALERO ENERGY CORP,VLO
024856,000003,2004/07/01,,S&P 500 Comp-Ltd,I0003,GILEAD SCIENCES INC,GILD
140541,000003,2004/09/01,,S&P 500 Comp-Ltd,I0003,TAPESTRY INC,TPR
014960,000003,2004/11/01,,S&P 500 Comp-Ltd,I0003,LABORATORY CP OF AMER HLDGS,LH
063892,000003,2005/03/14,,S&P 500 Comp-Ltd,I0003,NATIONAL OILWELL VARCO INC,NOV
002710,000003,2005/07/05,,S&P 500 Comp-Ltd,I0003,CONSTELLATION BRANDS,STZ
025340,000003,2005/07/05,,S&P 500 Comp-Ltd,I0003,D R HORTON INC,DHI
010793,000003,2005/08/11,,S&P 500 Comp-Ltd,I0003,TYSON FOODS INC  -CL A,TSN
011220,000003,2005/08/12,,S&P 500 Comp-Ltd,I0003,VORNADO REALTY TRUST,VNO
010096,000003,2005/08/19,,S&P 500 Comp-Ltd,I0003,PUBLIC STORAGE,PSA
164708,000003,2005/10/03,,S&P 500 Comp-Ltd,I0003,AMERIPRISE FINANCIAL INC,AMP
006669,000003,2005/10/04,,S&P 500 Comp-Ltd,I0003,LENNAR CORP,LEN
064768,000003,2005/11/21,,S&P 500 Comp-Ltd,I0003,AMAZON.COM INC,AMZN
165675,000003,2006/01/03,,S&P 500 Comp-Ltd,I0003,VIACOM INC,VIAB
061567,000003,2006/01/05,,S&P 500 Comp-Ltd,I0003,LAUDER (ESTEE) COS INC -CL A,EL
066368,000003,2006/02/01,,S&P 500 Comp-Ltd,I0003,VERISIGN INC,VRSN
024731,000003,2006/04/03,,S&P 500 Comp-Ltd,I0003,KIMCO REALTY CORP,KIM
064925,000003,2006/04/03,,S&P 500 Comp-Ltd,I0003,BOSTON PROPERTIES INC,BXP
160329,000003,2006/04/03,,S&P 500 Comp-Ltd,I0003,ALPHABET INC,GOOGL
121718,000003,2006/06/02,,S&P 500 Comp-Ltd,I0003,JUNIPER NETWORKS INC,JNPR
149070,000003,2006/08/11,,S&P 500 Comp-Ltd,I0003,CME GROUP INC,CME
175263,000003,2006/10/02,,S&P 500 Comp-Ltd,I0003,WESTERN UNION CO,WU
013599,000003,2006/11/06,,S&P 500 Comp-Ltd,I0003,CELGENE CORP,CELG
165993,000003,2006/11/10,,S&P 500 Comp-Ltd,I0003,FIDELITY NATIONAL INFO SVCS,FIS
260774,000003,2006/11/10,,S&P 500 Comp-Ltd,I0003,CBRE GROUP INC,CBRE
111864,000003,2006/11/17,,S&P 500 Comp-Ltd,I0003,COGNIZANT TECH SOLUTIONS,CTSH
029875,000003,2007/01/10,,S&P 500 Comp-Ltd,I0003,AVALONBAY COMMUNITIES INC,AVB
064891,000003,2007/02/02,,S&P 500 Comp-Ltd,I0003,RALPH LAUREN CORP,RL
011115,000003,2007/02/12,,S&P 500 Comp-Ltd,I0003,VARIAN MEDICAL SYSTEMS INC,VAR
065609,000003,2007/03/02,,S&P 500 Comp-Ltd,I0003,C H ROBINSON WORLDWIDE INC,CHRW
007063,000003,2007/03/20,,S&P 500 Comp-Ltd,I0003,HOST HOTELS & RESORTS INC,HST
142953,000003,2007/04/02,,S&P 500 Comp-Ltd,I0003,MONDELEZ INTERNATIONAL INC,MDLZ
157057,000003,2007/04/10,,S&P 500 Comp-Ltd,I0003,ASSURANT INC,AIZ
177376,000003,2007/07/02,,S&P 500 Comp-Ltd,I0003,DISCOVER FINANCIAL SVCS,DFS
125595,000003,2007/07/12,,S&P 500 Comp-Ltd,I0003,AKAMAI TECHNOLOGIES INC,AKAM
027965,000003,2007/09/07,,S&P 500 Comp-Ltd,I0003,MICROCHIP TECHNOLOGY INC,MCHP
163610,000003,2007/09/26,,S&P 500 Comp-Ltd,I0003,INTERCONTINENTAL EXCHANGE,ICE
126296,000003,2007/10/02,,S&P 500 Comp-Ltd,I0003,EXPEDIA GROUP INC,EXPE
007912,000003,2007/10/08,,S&P 500 Comp-Ltd,I0003,NOBLE ENERGY INC,NBL
004494,000003,2007/10/10,,S&P 500 Comp-Ltd,I0003,EXPEDITORS INTL WASH INC,EXPD
006216,000003,2007/10/26,,S&P 500 Comp-Ltd,I0003,JACOBS ENGINEERING GROUP INC,JEC
105365,000003,2007/11/19,,S&P 500 Comp-Ltd,I0003,AMERICAN TOWER CORP,AMT
013125,000003,2008/03/31,,S&P 500 Comp-Ltd,I0003,HCP INC,HCP
179621,000003,2008/03/31,,S&P 500 Comp-Ltd,I0003,PHILIP MORRIS INTERNATIONAL,PM
136725,000003,2008/06/02,,S&P 500 Comp-Ltd,I0003,INTUITIVE SURGICAL INC,ISRG
020548,000003,2008/06/23,,S&P 500 Comp-Ltd,I0003,CABOT OIL & GAS CORP,COG
160225,000003,2008/07/18,,S&P 500 Comp-Ltd,I0003,MASTERCARD INC,MA
061483,000003,2008/07/31,,S&P 500 Comp-Ltd,I0003,DAVITA INC,DVA
029804,000003,2008/08/21,,S&P 500 Comp-Ltd,I0003,INVESCO LTD,IVZ
163946,000003,2008/08/27,,S&P 500 Comp-Ltd,I0003,CF INDUSTRIES HOLDINGS INC,CF
014225,000003,2008/09/15,,S&P 500 Comp-Ltd,I0003,FASTENAL CO,FAST
157855,000003,2008/09/15,,S&P 500 Comp-Ltd,I0003,SALESFORCE.COM INC,CRM
014359,000003,2008/09/24,,S&P 500 Comp-Ltd,I0003,PIONEER NATURAL RESOURCES CO,PXD
014282,000003,2008/09/30,,S&P 500 Comp-Ltd,I0003,AMPHENOL CORP,APH
004108,000003,2008/10/02,,S&P 500 Comp-Ltd,I0003,FLOWSERVE CORP,FLS
149337,000003,2008/10/22,,S&P 500 Comp-Ltd,I0003,NASDAQ INC,NDAQ
011550,000003,2008/10/31,,S&P 500 Comp-Ltd,I0003,WEC ENERGY GROUP INC,WEC
009777,000003,2008/11/06,,S&P 500 Comp-Ltd,I0003,SMUCKER (JM) CO,SJM
016245,000003,2008/11/13,,S&P 500 Comp-Ltd,I0003,PEOPLE'S UNITED FINL INC,PBCT
013700,000003,2008/11/14,,S&P 500 Comp-Ltd,I0003,DENTSPLY SIRONA INC,XRAY
149318,000003,2008/11/14,,S&P 500 Comp-Ltd,I0003,WYNN RESORTS LTD,WYNN
112168,000003,2008/12/05,,S&P 500 Comp-Ltd,I0003,REPUBLIC SERVICES INC,RSG
028477,000003,2009/01/02,,S&P 500 Comp-Ltd,I0003,FLIR SYSTEMS INC,FLIR
062374,000003,2009/01/06,,S&P 500 Comp-Ltd,I0003,IRON MOUNTAIN INC,IRM
005543,000003,2009/01/30,,S&P 500 Comp-Ltd,I0003,WELLTOWER INC,WELL
005709,000003,2009/03/04,,S&P 500 Comp-Ltd,I0003,HORMEL FOODS CORP,HRL
110179,000003,2009/03/04,,S&P 500 Comp-Ltd,I0003,VENTAS INC,VTR
007970,000003,2009/03/17,,S&P 500 Comp-Ltd,I0003,EVERSOURCE ENERGY,ES
028180,000003,2009/03/27,,S&P 500 Comp-Ltd,I0003,O'REILLY AUTOMOTIVE INC,ORLY
011399,000003,2009/07/01,,S&P 500 Comp-Ltd,I0003,WESTERN DIGITAL CORP,WDC
066446,000003,2009/07/01,,S&P 500 Comp-Ltd,I0003,QUANTA SERVICES INC,PWR
004510,000003,2009/08/19,,S&P 500 Comp-Ltd,I0003,FMC CORP,FMC
119314,000003,2009/11/06,,S&P 500 Comp-Ltd,I0003,BOOKING HOLDINGS INC,BKNG
009248,000003,2009/12/21,,S&P 500 Comp-Ltd,I0003,ROSS STORES INC,ROST
179534,000003,2009/12/21,,S&P 500 Comp-Ltd,I0003,VISA INC,V
024925,000003,2009/12/23,,S&P 500 Comp-Ltd,I0003,ROPER TECHNOLOGIES INC,ROP
135990,000003,2010/01/29,,S&P 500 Comp-Ltd,I0003,NRG ENERGY INC,NRG
002176,000003,2010/02/16,,S&P 500 Comp-Ltd,I0003,BERKSHIRE HATHAWAY,BRK.B
005581,000003,2010/03/01,,S&P 500 Comp-Ltd,I0003,HELMERICH & PAYNE,HP
164296,000003,2010/03/01,,S&P 500 Comp-Ltd,I0003,DISCOVERY INC,DISCA
008151,000003,2010/03/15,,S&P 500 Comp-Ltd,I0003,ONEOK INC,OKE
012850,000003,2010/04/30,,S&P 500 Comp-Ltd,I0003,CERNER CORP,CERN
064410,000003,2010/06/28,,S&P 500 Comp-Ltd,I0003,CARMAX INC,KMX
028034,000003,2010/07/15,,S&P 500 Comp-Ltd,I0003,CHUBB LTD,CB
005959,000003,2010/11/17,,S&P 500 Comp-Ltd,I0003,INGERSOLL-RAND PLC,IR
121077,000003,2010/12/20,,S&P 500 Comp-Ltd,I0003,F5 NETWORKS INC,FFIV
147579,000003,2010/12/20,,S&P 500 Comp-Ltd,I0003,NETFLIX INC,NFLX
133366,000003,2011/04/01,,S&P 500 Comp-Ltd,I0003,EDWARDS LIFESCIENCES CORP,EW
124434,000003,2011/04/04,,S&P 500 Comp-Ltd,I0003,BLACKROCK INC,BLK
165914,000003,2011/04/28,,S&P 500 Comp-Ltd,I0003,CHIPOTLE MEXICAN GRILL INC,CMG
186989,000003,2011/07/01,,S&P 500 Comp-Ltd,I0003,MARATHON PETROLEUM CORP,MPC
143357,000003,2011/07/06,,S&P 500 Comp-Ltd,I0003,ACCENTURE PLC,ACN
162129,000003,2011/09/26,,S&P 500 Comp-Ltd,I0003,MOSAIC CO,MOS
177267,000003,2011/10/17,,S&P 500 Comp-Ltd,I0003,TE CONNECTIVITY LTD,TEL
189491,000003,2011/11/01,,S&P 500 Comp-Ltd,I0003,XYLEM INC,XYL
024782,000003,2011/12/19,,S&P 500 Comp-Ltd,I0003,PERRIGO CO PLC,PRGO
028742,000003,2011/12/19,,S&P 500 Comp-Ltd,I0003,BORGWARNER INC,BWA
031587,000003,2011/12/19,,S&P 500 Comp-Ltd,I0003,DOLLAR TREE INC,DLTR
199356,000003,2011/12/21,,S&P 500 Comp-Ltd,I0003,TRIPADVISOR INC,TRIP
113490,000003,2012/03/14,,S&P 500 Comp-Ltd,I0003,CROWN CASTLE INTL CORP,CCI
170841,000003,2012/05/01,,S&P 500 Comp-Ltd,I0003,PHILLIPS 66,PSX
006310,000003,2012/05/25,,S&P 500 Comp-Ltd,I0003,KINDER MORGAN INC,KMI
062263,000003,2012/05/25,,S&P 500 Comp-Ltd,I0003,ALEXION PHARMACEUTICALS INC,ALXN
006565,000003,2012/06/05,,S&P 500 Comp-Ltd,I0003,LAM RESEARCH CORP,LRCX
024316,000003,2012/06/29,,S&P 500 Comp-Ltd,I0003,MONSTER BEVERAGE CORP,MNST
150937,000003,2012/07/02,,S&P 500 Comp-Ltd,I0003,SEAGATE TECHNOLOGY PLC,STX
294524,000003,2012/09/05,,S&P 500 Comp-Ltd,I0003,LYONDELLBASELL INDUSTRIES NV,LYB
008463,000003,2012/10/01,,S&P 500 Comp-Ltd,I0003,PENTAIR PLC,PNR
004016,000003,2012/12/03,,S&P 500 Comp-Ltd,I0003,DOLLAR GENERAL CORP,DG
141459,000003,2012/12/12,,S&P 500 Comp-Ltd,I0003,GARMIN LTD,GRMN
118122,000003,2012/12/24,,S&P 500 Comp-Ltd,I0003,APTIV PLC,APTV
016101,000003,2013/01/02,,S&P 500 Comp-Ltd,I0003,ABBVIE INC,ABBV
008551,000003,2013/02/14,,S&P 500 Comp-Ltd,I0003,PVH CORP,PVH
023812,000003,2013/05/01,,S&P 500 Comp-Ltd,I0003,REGENERON PHARMACEUTICALS,REGN
029868,000003,2013/05/09,,S&P 500 Comp-Ltd,I0003,MACERICH CO,MAC
006335,000003,2013/05/24,,S&P 500 Comp-Ltd,I0003,KANSAS CITY SOUTHERN,KSU
005073,000003,2013/06/07,,S&P 500 Comp-Ltd,I0003,GENERAL MOTORS CO,GM
013721,000003,2013/06/24,,S&P 500 Comp-Ltd,I0003,ZOETIS INC,ZTS
018043,000003,2013/07/01,,S&P 500 Comp-Ltd,I0003,NEWS CORP,NWSA
100873,000003,2013/07/09,,S&P 500 Comp-Ltd,I0003,NIELSEN HOLDINGS PLC,NLSN
003851,000003,2013/09/11,,S&P 500 Comp-Ltd,I0003,DELTA AIR LINES INC,DAL
001598,000003,2013/09/23,,S&P 500 Comp-Ltd,I0003,AMETEK INC,AME
024344,000003,2013/09/23,,S&P 500 Comp-Ltd,I0003,VERTEX PHARMACEUTICALS INC,VRTX
198058,000003,2013/11/13,,S&P 500 Comp-Ltd,I0003,CAPRI HOLDINGS LTD,CPRI
316056,000003,2013/12/02,,S&P 500 Comp-Ltd,I0003,ALLEGION PLC,ALLE
025119,000003,2013/12/23,,S&P 500 Comp-Ltd,I0003,MOHAWK INDUSTRIES INC,MHK
143974,000003,2013/12/23,,S&P 500 Comp-Ltd,I0003,ALLIANCE DATA SYSTEMS CORP,ADS
170617,000003,2013/12/23,,S&P 500 Comp-Ltd,I0003,FACEBOOK INC,FB
029736,000003,2014/01/24,,S&P 500 Comp-Ltd,I0003,TRACTOR SUPPLY CO,TSCO
030293,000003,2014/04/02,,S&P 500 Comp-Ltd,I0003,ESSEX PROPERTY TRUST,ESS
160329,000003,2014/04/03,,S&P 500 Comp-Ltd,I0003,ALPHABET INC,GOOGL
165052,000003,2014/05/01,,S&P 500 Comp-Ltd,I0003,UNDER ARMOUR INC,UAA
180711,000003,2014/05/08,,S&P 500 Comp-Ltd,I0003,BROADCOM INC,AVGO
150699,000003,2014/06/23,,S&P 500 Comp-Ltd,I0003,CIMAREX ENERGY CO,XEC
065886,000003,2014/07/01,,S&P 500 Comp-Ltd,I0003,AFFILIATED MANAGERS GRP INC,AMG
029733,000003,2014/07/02,,S&P 500 Comp-Ltd,I0003,MARTIN MARIETTA MATERIALS,MLM
164296,000003,2014/08/07,,S&P 500 Comp-Ltd,I0003,DISCOVERY INC,DISCA
011032,000003,2014/09/22,,S&P 500 Comp-Ltd,I0003,UNIVERSAL HEALTH SVCS INC,UHS
066065,000003,2014/09/22,,S&P 500 Comp-Ltd,I0003,UNITED RENTALS INC,URI
028191,000003,2014/12/05,,S&P 500 Comp-Ltd,I0003,ROYAL CARIBBEAN CRUISES LTD,RCL
022260,000003,2015/01/27,,S&P 500 Comp-Ltd,I0003,HCA HEALTHCARE INC,HCA
001327,000003,2015/03/12,,S&P 500 Comp-Ltd,I0003,SKYWORKS SOLUTIONS INC,SWKS
061494,000003,2015/03/18,,S&P 500 Comp-Ltd,I0003,HENRY SCHEIN INC,HSIC
001045,000003,2015/03/23,,S&P 500 Comp-Ltd,I0003,AMERICAN AIRLINES GROUP INC,AAL
065290,000003,2015/03/23,,S&P 500 Comp-Ltd,I0003,SL GREEN REALTY CORP,SLG
138743,000003,2015/03/23,,S&P 500 Comp-Ltd,I0003,EQUINIX INC,EQIX
175319,000003,2015/03/23,,S&P 500 Comp-Ltd,I0003,HANESBRANDS INC,HBI
030822,000003,2015/04/07,,S&P 500 Comp-Ltd,I0003,REALTY INCOME CORP,O
064853,000003,2015/06/12,,S&P 500 Comp-Ltd,I0003,QORVO INC,QRVO
005783,000003,2015/07/01,,S&P 500 Comp-Ltd,I0003,HUNT (JB) TRANSPRT SVCS INC,JBHT
029830,000003,2015/07/02,,S&P 500 Comp-Ltd,I0003,WESTROCK CO,WRK
005568,000003,2015/07/03,,S&P 500 Comp-Ltd,I0003,KRAFT HEINZ CO,KHC
145977,000003,2015/07/09,,S&P 500 Comp-Ltd,I0003,ADVANCE AUTO PARTS INC,AAP
024616,000003,2015/07/20,,S&P 500 Comp-Ltd,I0003,PAYPAL HOLDINGS INC,PYPL
180405,000003,2015/08/31,,S&P 500 Comp-Ltd,I0003,ACTIVISION BLIZZARD INC,ATVI
010795,000003,2015/09/03,,S&P 500 Comp-Ltd,I0003,UNITED AIRLINES HOLDINGS INC,UAL
018043,000003,2015/09/21,,S&P 500 Comp-Ltd,I0003,NEWS CORP,NWSA
180652,000003,2015/10/08,,S&P 500 Comp-Ltd,I0003,VERISK ANALYTICS INC,VRSK
026156,000003,2015/11/02,,S&P 500 Comp-Ltd,I0003,HEWLETT PACKARD ENTERPRISE,HPE
020686,000003,2015/11/18,,S&P 500 Comp-Ltd,I0003,SYNCHRONY FINANCIAL,SYF
138205,000003,2015/11/19,,S&P 500 Comp-Ltd,I0003,ILLUMINA INC,ILMN
003026,000003,2015/12/29,,S&P 500 Comp-Ltd,I0003,CHURCH & DWIGHT INC,CHD
144009,000003,2016/01/05,,S&P 500 Comp-Ltd,I0003,WILLIS TOWERS WATSON PLC,WLTW
160479,000003,2016/01/19,,S&P 500 Comp-Ltd,I0003,EXTRA SPACE STORAGE INC,EXR
004605,000003,2016/02/01,,S&P 500 Comp-Ltd,I0003,FEDERAL REALTY INVESTMENT TR,FRT
021825,000003,2016/02/01,,S&P 500 Comp-Ltd,I0003,CITIZENS FINANCIAL GROUP INC,CFG
177884,000003,2016/02/22,,S&P 500 Comp-Ltd,I0003,CONCHO RESOURCES INC,CXO
179437,000003,2016/03/04,,S&P 500 Comp-Ltd,I0003,AMERICAN WATER WORKS CO INC,AWK
010894,000003,2016/03/07,,S&P 500 Comp-Ltd,I0003,UDR INC,UDR
020904,000003,2016/03/30,,S&P 500 Comp-Ltd,I0003,HOLOGIC INC,HOLX
145552,000003,2016/03/30,,S&P 500 Comp-Ltd,I0003,CENTENE CORP,CNC
165052,000003,2016/04/08,,S&P 500 Comp-Ltd,I0003,UNDER ARMOUR INC,UAA
178704,000003,2016/04/18,,S&P 500 Comp-Ltd,I0003,ULTA BEAUTY INC,ULTA
141913,000003,2016/04/25,,S&P 500 Comp-Ltd,I0003,GLOBAL PAYMENTS INC,GPN
001230,000003,2016/05/13,,S&P 500 Comp-Ltd,I0003,ALASKA AIR GROUP INC,ALK
160991,000003,2016/05/18,,S&P 500 Comp-Ltd,I0003,DIGITAL REALTY TRUST INC,DLR
155394,000003,2016/05/23,,S&P 500 Comp-Ltd,I0003,LKQ CORP,LKQ
004973,000003,2016/05/31,,S&P 500 Comp-Ltd,I0003,ARTHUR J GALLAGHER & CO,AJG
148349,000003,2016/06/03,,S&P 500 Comp-Ltd,I0003,TRANSDIGM GROUP INC,TDG
188255,000003,2016/06/24,,S&P 500 Comp-Ltd,I0003,FORTUNE BRANDS HOME & SECUR,FBHS
011554,000003,2016/07/01,,S&P 500 Comp-Ltd,I0003,ALLIANT ENERGY CORP,LNT
029751,000003,2016/07/01,,S&P 500 Comp-Ltd,I0003,ALBEMARLE CORP,ALB
026590,000003,2016/07/05,,S&P 500 Comp-Ltd,I0003,FORTIVE CORP,FTV
065772,000003,2016/09/06,,S&P 500 Comp-Ltd,I0003,METTLER-TOLEDO INTL INC,MTD
126136,000003,2016/09/08,,S&P 500 Comp-Ltd,I0003,CHARTER COMMUNICATIONS INC,CHTR
003504,000003,2016/09/23,,S&P 500 Comp-Ltd,I0003,COOPER COS INC (THE),COO
012151,000003,2016/10/03,,S&P 500 Comp-Ltd,I0003,COTY INC,COTY
028192,000003,2016/11/01,,S&P 500 Comp-Ltd,I0003,ARCONIC INC,ARNC
029649,000003,2016/12/02,,S&P 500 Comp-Ltd,I0003,MID-AMERICA APT CMNTYS INC,MAA
024197,000003,2017/01/05,,S&P 500 Comp-Ltd,I0003,IDEXX LABS INC,IDXX
030923,000003,2017/01/17,,S&P 500 Comp-Ltd,I0003,TECHNIPFMC PLC,FTI
029127,000003,2017/02/28,,S&P 500 Comp-Ltd,I0003,INCYTE CORP,INCY
184500,000003,2017/03/01,,S&P 500 Comp-Ltd,I0003,CBOE GLOBAL MARKETS INC,CBOE
029099,000003,2017/03/02,,S&P 500 Comp-Ltd,I0003,REGENCY CENTERS CORP,REG
060900,000003,2017/03/13,,S&P 500 Comp-Ltd,I0003,DISH NETWORK CORP,DISH
024975,000003,2017/03/16,,S&P 500 Comp-Ltd,I0003,SYNOPSYS INC,SNPS
001161,000003,2017/03/20,,S&P 500 Comp-Ltd,I0003,ADVANCED MICRO DEVICES,AMD
008898,000003,2017/03/20,,S&P 500 Comp-Ltd,I0003,RAYMOND JAMES FINANCIAL CORP,RJF
064821,000003,2017/03/20,,S&P 500 Comp-Ltd,I0003,ALEXANDRIA R E EQUITIES INC,ARE
003336,000003,2017/04/04,,S&P 500 Comp-Ltd,I0003,DXC TECHNOLOGY CO,DXC
012441,000003,2017/04/05,,S&P 500 Comp-Ltd,I0003,GARTNER INC,IT
162906,000003,2017/06/02,,S&P 500 Comp-Ltd,I0003,IHS MARKIT LTD,INFO
005643,000003,2017/06/19,,S&P 500 Comp-Ltd,I0003,HILTON WORLDWIDE HOLDINGS,HLT
061388,000003,2017/06/19,,S&P 500 Comp-Ltd,I0003,EVEREST RE GROUP LTD,RE
063080,000003,2017/06/19,,S&P 500 Comp-Ltd,I0003,ANSYS INC,ANSS
141384,000003,2017/06/19,,S&P 500 Comp-Ltd,I0003,ALIGN TECHNOLOGY INC,ALGN
032106,000003,2017/07/07,,S&P 500 Comp-Ltd,I0003,BAKER HUGHES CO,BKR
009771,000003,2017/07/26,,S&P 500 Comp-Ltd,I0003,SMITH (A.O.),AOS
013510,000003,2017/07/26,,S&P 500 Comp-Ltd,I0003,DUKE REALTY CORP,DRE
014418,000003,2017/07/26,,S&P 500 Comp-Ltd,I0003,MGM RESORTS INTERNATIONAL,MGM
031887,000003,2017/07/26,,S&P 500 Comp-Ltd,I0003,RESMED INC,RMD
128978,000003,2017/07/26,,S&P 500 Comp-Ltd,I0003,PACKAGING CORP OF AMERICA,PKG
017928,000003,2017/08/29,,S&P 500 Comp-Ltd,I0003,IQVIA HOLDINGS INC,IQV
121382,000003,2017/09/01,,S&P 500 Comp-Ltd,I0003,SBA COMMUNICATIONS CORP,SBAC
013421,000003,2017/09/18,,S&P 500 Comp-Ltd,I0003,CADENCE DESIGN SYSTEMS INC,CDNS
104432,000003,2017/10/13,,S&P 500 Comp-Ltd,I0003,NORWEGIAN CRUISE LINE HLDGS,NCLH
186310,000003,2018/01/03,,S&P 500 Comp-Ltd,I0003,HUNTINGTON INGALLS IND INC,HII
175955,000003,2018/03/07,,S&P 500 Comp-Ltd,I0003,IPG PHOTONICS CORP,IPGP
017120,000003,2018/03/19,,S&P 500 Comp-Ltd,I0003,SVB FINANCIAL GROUP,SIVB
064630,000003,2018/03/19,,S&P 500 Comp-Ltd,I0003,TAKE-TWO INTERACTIVE SFTWR,TTWO
178507,000003,2018/04/04,,S&P 500 Comp-Ltd,I0003,MSCI INC,MSCI
013619,000003,2018/05/31,,S&P 500 Comp-Ltd,I0003,ABIOMED INC,ABMD
006338,000003,2018/06/05,,S&P 500 Comp-Ltd,I0003,EVERGY INC,EVRG
018872,000003,2018/06/07,,S&P 500 Comp-Ltd,I0003,TWITTER INC,TWTR
005667,000003,2018/06/18,,S&P 500 Comp-Ltd,I0003,HOLLYFRONTIER CORP,HFC
176928,000003,2018/06/18,,S&P 500 Comp-Ltd,I0003,BROADRIDGE FINANCIAL SOLUTNS,BR
184700,000003,2018/06/20,,S&P 500 Comp-Ltd,I0003,FLEETCOR TECHNOLOGIES INC,FLT
029901,000003,2018/07/02,,S&P 500 Comp-Ltd,I0003,COPART INC,CPRT
020748,000003,2018/08/28,,S&P 500 Comp-Ltd,I0003,ARISTA NETWORKS INC,ANET
260778,000003,2018/09/17,,S&P 500 Comp-Ltd,I0003,WELLCARE HEALTH PLANS INC,WCG
009225,000003,2018/10/01,,S&P 500 Comp-Ltd,I0003,ROLLINS INC,ROL
183377,000003,2018/10/11,,S&P 500 Comp-Ltd,I0003,FORTINET INC,FTNT
020232,000003,2018/11/06,,S&P 500 Comp-Ltd,I0003,KEYSIGHT TECHNOLOGIES INC,KEYS
011811,000003,2018/11/13,,S&P 500 Comp-Ltd,I0003,HENRY (JACK) & ASSOCIATES,JKHY
014256,000003,2018/12/03,,S&P 500 Comp-Ltd,I0003,MAXIM INTEGRATED PRODUCTS,MXIM
028790,000003,2018/12/03,,S&P 500 Comp-Ltd,I0003,LAMB WESTON HOLDINGS INC,LW
170750,000003,2018/12/03,,S&P 500 Comp-Ltd,I0003,DIAMONDBACK ENERGY INC,FANG
162254,000003,2018/12/24,,S&P 500 Comp-Ltd,I0003,CELANESE CORP,CE
014275,000003,2019/01/02,,S&P 500 Comp-Ltd,I0003,FIRST REPUBLIC BANK,FRC
010407,000003,2019/01/18,,S&P 500 Comp-Ltd,I0003,TELEFLEX INC,TFX
004383,000003,2019/02/15,,S&P 500 Comp-Ltd,I0003,ATMOS ENERGY CORP,ATO
060979,000003,2019/02/27,,S&P 500 Comp-Ltd,I0003,WABTEC CORP,WAB
034636,000003,2019/03/19,,S&P 500 Comp-Ltd,I0003,FOX CORP,FOXA
034443,000003,2019/04/02,,S&P 500 Comp-Ltd,I0003,DOW INC,DOW
035168,000003,2019/06/03,,S&P 500 Comp-Ltd,I0003,CORTEVA INC,CTVA
004060,000003,2019/06/04,,S&P 500 Comp-Ltd,I0003,DUPONT DE NEMOURS INC,DD
100243,000003,2019/06/12,,S&P 500 Comp-Ltd,I0003,AMCOR PLC,AMCR
158742,000003,2019/07/01,,S&P 500 Comp-Ltd,I0003,MARKETAXESS HOLDINGS INC,MKTX
005492,000003,2019/07/02,,S&P 500 Comp-Ltd,I0003,L3HARRIS TECHNOLOGIES INC,LHX
017874,000003,2019/07/15,,S&P 500 Comp-Ltd,I0003,T-MOBILE US INC,TMUS
015267,000003,2019/08/09,,S&P 500 Comp-Ltd,I0003,IDEX CORP,IEX
165123,000003,2019/08/09,,S&P 500 Comp-Ltd,I0003,LEIDOS HOLDINGS INC,LDOS
010614,000003,2019/08/12,,S&P 500 Comp-Ltd,I0003,GLOBE LIFE INC,GL
028320,000003,2019/09/23,,S&P 500 Comp-Ltd,I0003,CDW CORP,CDW
012459,000003,2019/09/26,,S&P 500 Comp-Ltd,I0003,NVR INC,NVR
161844,000003,2019/10/03,,S&P 500 Comp-Ltd,I0003,LAS VEGAS SANDS CORP,LVS
